timestamp,node.id,node.displayName,node.photo.id,node.photo.userSmall.url,node.photo
2021-08-21T04:49:10.683Z,863157274,Amber Rye,219445047,//assets.change.org/photos/8/rg/hp/PXrgHPphSlmqlsw-48x48-noPad.jpg?1521027159,
2021-08-20T11:39:35.670Z,980832060,Roosa Heikkinen,,,
2021-08-16T19:36:05.456Z,1125452083,Lydia Fiebig,,,
2021-08-15T13:25:45.699Z,1221146397,Prasanjit Biswal,,,
2021-08-14T06:28:21.497Z,1220881815,Vinayak Ray,,,
2021-08-13T14:56:52.815Z,47926392,Megan Stallings,11325376,//assets.change.org/photos/3/mo/uc/femoucoVoIkIbXg-48x48-noPad.jpg?1521127686,
2021-08-11T07:46:57.131Z,1204647010,Windra Mosher,,,
2021-08-10T17:47:12.277Z,714813554,Nataniele Casini,,,
2021-08-10T14:17:19.610Z,329935567,Kelly Shirey,225833576,//assets.change.org/photos/7/gp/vq/WxGPVQiGtsbHmhv-48x48-noPad.jpg?1628605310,
2021-08-10T09:18:43.466Z,1219933097,Audra Mosher,,,
2021-08-09T15:23:41.140Z,557990822,Jake Kempa,,,
2021-08-09T02:14:29.247Z,1012243072,Kelli Shofstall,223427574,//assets.change.org/photos/0/vv/ml/bzvVMLXJHWefDMq-48x48-noPad.jpg?1585446537,
2021-08-07T14:13:09.527Z,1165418716,Kasandra Wildfong,,,
2021-08-07T13:05:17.623Z,1206314417,Heather Salsbury,,,
2021-08-07T06:28:18.198Z,65191420,ale vega,11267031,//assets.change.org/photos/1/ly/nx/mzLYnXENAaXqSwI-48x48-noPad.jpg?1555268620,
2021-08-06T17:50:06.954Z,889222070,Anita Rogers,,,
2021-08-05T16:12:25.104Z,1215949024,Jake Young,,,
2021-08-05T15:08:37.774Z,67915889,Alyssa Greene,221866666,//assets.change.org/photos/9/rl/br/FmrlBRHTZCwDRYd-48x48-noPad.jpg?1584722380,
2021-08-04T09:09:44.965Z,683909705,Scott Davies,168331733,//assets.change.org/photos/3/jb/mg/QRJBMgNPnsjpyRk-48x48-noPad.jpg?1488227791,
2021-08-04T08:32:36.274Z,259241046,naomi reyes,,,
